rank,url (name)
1005,https://tds.net
1013,https://sonobi.com
1021,https://goal.com
1032,https://gsmarena.com
1121,http://lanacion.com.ar
1147,https://hurriyet.com.tr
1177,https://vnexpress.net
1197,https://ynet.co.il
1252,https://vice.com
1266,https://merkur.de
1343,https://haberler.com
1346,https://dw.com
1418,https://blic.rs
1447,https://ssstik.io
1449,https://snaptik.app
1465,https://medicalnewstoday.com
1477,https://prokerala.com
1588,https://letras.mus.br
1625,https://publi24.ro
1674,https://conectate.com.do
1699,https://tuazar.com
1788,https://e-volution.ai
1798,https://mirror.co.uk
1806,https://variety.com
1860,https://vox.com
1872,https://thesun.co.uk
1888,https://arstechnica.com
1896,https://aljazeera.com
1927,https://privacymanager.io
1937,https://dictionary.com
1944,https://techtarget.com
1980,https://engadget.com
