Rank,URL
5013,https://mtv.com
5054,https://cleveland.com
5072,https://glamour.com
5083,https://refinery29.com
5092,https://popsugar.com
5094,https://military.com
5112,https://zerohedge.com
5129,https://monster.com
5149,https://liverpoolecho.co.uk
5169,https://vulture.com
5195,https://biography.com
5238,https://buzzfeednews.com
5251,https://hola.com
5289,https://s5h.net
5301,https://guinnessworldrecords.com
5304,https://apkpure.net
5334,https://serverwatch.com
5364,https://sling.com
5444,https://9to5mac.com
5456,https://mlive.com
5483,https://baltimoresun.com
5524,https://sandiegouniontribune.com
5536,https://news-medical.net
5544,https://filmaffinity.com
5576,https://centurylink.net
5611,https://sporcle.com
5612,https://signupgenius.com
5615,https://cio.com
5623,https://eurogamer.net
5646,https://fandango.com
5701,https://pitchfork.com
5748,https://cbsi.com
5790,https://psychcentral.com
5791,https://gutefrage.net
5797,https://game8.co
5805,https://al.com
5813,https://fextralife.com
5839,https://gocomics.com
5840,https://semana.com
5985,https://discovermagazine.com
5988,https://solitaired.com
