rank,url (name)
4001,https://serveriai.lt
4003,https://macrumors.com
4039,https://ziprecruiter.com
4055,https://manchestereveningnews.co.uk
4069,https://bustle.com
4099,https://foreignpolicy.com
4170,https://alltrails.com
4174,https://wp.me
4182,https://searchengineland.com
4191,http://www.technorail.com
4205,https://tomshardware.com
4207,https://dallasnews.com
4220,https://justwatch.com
4240,https://mailerlite.com
4243,https://gist.build
4248,https://sciencealert.com
4325,https://index.hu
4334,https://iq.com
4335,https://hellomagazine.com
4362,https://preply.com
4369,https://247sports.com
4375,https://denverpost.com
4376,https://techrepublic.com
4384,https://searchenginejournal.com
4420,https://upi.com
4442,https://everydayhealth.com
4443,https://wallpapers.com
4463,https://eldiario.es
4468,https://startribune.com
4485,https://usmagazine.com
4507,https://justgiving.com
4510,https://consentmanager.net
4516,https://paramount.tech
4537,https://fox.com
4575,https://getgreenshot.org
4591,https://worldtimeserver.com
4625,https://knowyourmeme.com
4627,https://websupport.sk
4660,https://nbcsports.com
4685,https://gazeta.pl
4687,https://emarketer.com
4704,https://the-sun.com
4758,https://elevenlabs.io
4772,https://abc.com
4780,https://cbs.com
4806,https://gta5-mods.com
4817,https://aruba.it
4870,https://bluestacks.com
4873,https://sendpulse.com
4968,https://ncaa.com
4982,https://ajc.com
4988,https://dr.dk