TRANCO Rank,Website URL
5013,https://mtv.com
5054,https://cleveland.com
5072,https://glamour.com
5083,https://refinery29.com
5092,https://popsugar.com
5094,https://military.com
5112,https://zerohedge.com
5129,https://monster.com
5149,https://liverpoolecho.co.uk
5169,https://vulture.com
5195,https://biography.com
5238,https://buzzfeednews.com
5251,https://hola.com
5289,https://s5h.net
5301,https://guinnessworldrecords.com
5304,https://apkpure.net
5334,https://serverwatch.com
5364,https://sling.com
5444,https://9to5mac.com
5456,https://mlive.com
5483,https://baltimoresun.com
5524,https://sandiegouniontribune.com
5536,https://news-medical.net
5544,https://filmaffinity.com
5576,https://centurylink.net
5611,https://sporcle.com
5612,https://signupgenius.com
5615,https://cio.com
5623,https://eurogamer.net
5646,https://fandango.com
5701,https://pitchfork.com
5748,https://cbsi.com
5790,https://psychcentral.com
5791,https://gutefrage.net
5797,https://game8.co
5805,https://al.com
5813,https://fextralife.com
5839,https://gocomics.com
5840,https://semana.com
5985,https://discovermagazine.com
5988,https://solitaired.com
6008,https://liquipedia.net
6012,https://clicrbs.com.br
6024,https://okezone.com
6054,https://dailyrecord.co.uk
6086,https://plutotv.net
6097,https://leagueofgraphs.com
6098,https://besoccer.com
6103,https://skylinewebcams.com
6149,https://bonappetit.com
6158,https://complex.com
6186,https://babycenter.com
6205,https://ilgiornale.it
6213,https://sbnation.com
6218,https://washingtonexaminer.com
6225,https://thecut.com
6230,https://hankyung.com
6267,https://travian.com
6269,https://screencastify.com
6297,https://teenvogue.com
6299,https://adnkronos.com
6321,https://hudl.com
6326,https://ezoic.net
6328,https://dailystar.co.uk
6343,https://in.gr
6366,https://cifraclub.com.br
6372,https://slidesgo.com
6406,https://bartleby.com
6477,https://futurecdn.net
6495,https://ilpost.it
6506,https://encyclopedia.com
6513,https://allure.com
6517,https://resetera.com
6523,https://europapress.es
6527,https://inquirer.net
6532,https://lifehack.org
6575,https://tuasaude.com
6581,https://theonion.com
6585,https://ranker.com
6586,https://univision.com
6591,https://walesonline.co.uk
6654,https://freeconvert.com
6701,https://rawstory.com
6717,https://mackolik.com
6724,https://ocregister.com
6812,https://24tv.ua
6823,https://hackernoon.com
6824,https://delish.com
6848,https://homeadvisor.com
6849,https://macworld.com
6850,https://aip.org
6921,https://istoe.com.br
6930,https://sindonews.com
6951,https://versus.com
6956,https://firstpost.com
7024,https://zedge.net
7030,https://comicbook.com
7064,https://montevideo.com.uy
7066,https://maxroll.gg
7072,https://ztedevices.com
7105,https://serebii.net
7113,https://videa.hu
7114,https://blitz.gg
7120,https://futurism.com
7123,https://smartrecruiters.com
7135,https://hamariweb.com
7162,https://humblebundle.com
7169,https://wordstream.com
7193,https://portfolio.hu
7195,https://worldpopulationreview.com
7210,https://unh.edu
7215,https://fut.gg
7227,https://sondakika.com
7262,https://worldatlas.com
7279,https://horoscope.com
7299,https://dailykos.com
7354,https://rpp.pe
7361,https://active.com
7395,https://word.tips
7455,https://mathrubhumi.com
7496,https://klix.ba
7519,https://inverse.com
7526,https://viki.com
7528,https://epicurious.com
7544,https://chess-results.com
7566,https://gobankingrates.com
7596,https://unotv.com
7602,https://technorati.com
7637,https://talksport.com
7643,https://cheezburger.com
7652,https://noticiasaominuto.com
7664,https://gamingbible.com
7671,https://thrillist.com
7682,https://backlinko.com
7709,https://asianetnews.com
7711,https://infoworld.com
7714,https://procyclingstats.com
7724,https://liberoquotidiano.it
7735,https://elcinema.com
7776,https://friv.com
7821,https://daily.co.jp
7827,https://idokep.hu
7829,https://huffingtonpost.jp
7837,https://orlandosentinel.com
7849,https://theweek.com
7882,https://capital.gr
7900,https://ibtimes.co.uk
7912,https://indianrail.gov.in
7914,https://typingtest.com
7960,https://mindbodygreen.com
7972,https://techspot.com
7986,https://realitatea.net
8027,https://countryliving.com
8029,https://kanald.com.tr
8044,https://telegraf.rs
8079,https://mawdoo3.com
8088,https://vlr.gg
8091,https://alo.rs
8097,https://lightnovelworld.co
8125,https://ndtv.in
8178,https://sun-sentinel.com
8180,https://healthgrades.com
8215,https://flashback.org
8242,https://elbalad.news
8244,https://vcu.edu
8289,https://hihi2.com
8319,https://tudocelular.com
8335,https://mdzol.com
8341,https://newsit.gr
8366,https://lacuerda.net
8369,https://newsbeast.gr
8377,https://snapsave.app
8387,https://tenjin.io
8411,https://birminghammail.co.uk
8413,https://playfootball.games
8428,https://jalopnik.com
8468,https://nbcnewyork.com
8477,https://informer.rs
8503,https://webteb.com
8524,https://flightrising.com
8547,https://tv9hindi.com
8570,https://newsbomb.gr
8660,https://sport-fm.gr
8674,https://tokyo-sports.co.jp
8678,https://syracuse.com
8716,https://windowscentral.com
8731,https://zougla.gr
8790,https://megatv.com
8809,https://lacuarta.com
8833,https://vudu.com
8844,https://drikpanchang.com
8914,https://timesbull.com
8960,https://sports.kz
8964,https://pinterestdownloader.com
8982,https://freejobalert.com
8994,https://hmetro.com.my
8998,https://enikos.gr
9010,https://nzz.ch
9039,https://sciencenews.org
9084,https://trackwrestling.com
9102,https://iflscience.com
9122,https://sd.rs
9124,https://canal26.com
9160,https://socialmediatoday.com
9170,https://clickpetroleoegas.com.br
9209,https://rynekzdrowia.pl
9223,https://router-network.com
9232,https://jbzd.com.pl
9248,https://tupaki.com
9252,https://syfy.com
9262,https://petel.bg
9277,https://xskt.com.vn
9281,https://junaidjamshed.com
9283,https://whatmobile.com.pk
9311,https://loteriasdominicanas.com
9339,https://delta-executor.com
9351,https://chartink.com
9354,https://electrek.co
9394,https://tuttomercatoweb.com
9418,https://tlife.gr
9444,https://etoland.co.kr
9459,https://tv9telugu.com
9499,https://cc.com
9532,https://curbed.com
9535,https://clashofclans-layouts.com
9553,https://bostonherald.com
9634,https://wral.com
9683,https://kurnik.pl
9715,https://warszawawpigulce.pl
9728,https://fcf.cat
9734,https://riyasewana.com
9756,https://sportime.gr
9796,https://interestingengineering.com
9828,https://jappy.com
9843,https://motor1.com
9871,https://voetbalprimeur.nl
9912,https://kiskegyed.hu
9926,https://jugandoonline.com.ar
9960,https://quiz-facts.com
9980,https://callbomberz.in