Tranko Rank,Website,Network IP Address,State,GPP String,Section List,Serialized Ping
3,https://mail.ru/,173.18.56.125,Iowa,DBABM~CQPdGcgQPdGcgAfNgBENBkFsAP_AAP_AAAigGatH_G__bXlv-Tr36ftkeY1f99h77sQxBgbJs-4FyDvW_JwX32EyNAy6tqYKmRIAuzRBIQFtHJjURVChSogVrTDsYECUgTNKJ-BkgHMRY2dYCFxvmYtjeQCZ5vp_d1d52T-t7dr-zZzgZmASYaFRBGWBICESgYQQIAVBWEBFAgCAABIGiAgBIGBTkDABdYSIAAAoABggBAACDAAEAAAEACEQAUAFAgAAgECgAAAAAEAgAIGAAEAFgIBAACA6BimBBAIFgAkZkUGmBKAAkEBLJEIAAA,[2],"{'data': {'applicableSections': [2], 'cmpDisplayStatus': 'hidden', 'cmpId': 31, 'cmpStatus': 'loaded', 'gppString': 'DBABM~CQPdGcgQPdGcgAfNgBENBkFsAP_AAP_AAAigGatH_G__bXlv-Tr36ftkeY1f99h77sQxBgbJs-4FyDvW_JwX32EyNAy6tqYKmRIAuzRBIQFtHJjURVChSogVrTDsYECUgTNKJ-BkgHMRY2dYCFxvmYtjeQCZ5vp_d1d52T-t7dr-zZzgZmASYaFRBGWBICESgYQQIAVBWEBFAgCAABIGiAgBIGBTkDABdYSIAAAoABggBAACDAAEAAAEACEQAUAFAgAAgECgAAAAAEAgAIGAAEAFgIBAACA6BimBBAIFgAkZkUGmBKAAkEBLJEIAAA', 'gppVersion': '1.1', 'parsedSections': {'tcfeuv2': [{'CmpId': 0, 'CmpVersion': 0, 'ConsentLanguage': '', 'ConsentScreen': 0, 'Created': {}, 'IsServiceSpecific': False, 'LastUpdated': {}, 'PublisherCC': '', 'PurposeConsent': [], 'PurposeOneTreatment': False, 'PurposesLITransparency': [], 'SpecialFeatureOptIns': [], 'TcfPolicyVersion': 0, 'UseNonStandardStacks': False, 'VendorConsent': [], 'VendorLegitimateInterest': [], 'VendorListVersion': 0, 'Version': 3}]}, 'sectionList': [2], 'signalStatus': 'ready', 'supportedAPIs': ['2:tcfeuv2', '5:tcfcav1', '7:usnat', '8:usca', '9:usva', '10:usco', '11:usut', '12:usct', '13:usfl', '14:usmt', '15:usor', '16:ustx', '17:usde', '18:usia', '19:usne', '20:usnh', '21:usnj', '22:ustn']}, 'success': True}"
56,https://yahoo.com/,173.18.56.125,Iowa,DBABLA~BVRqAAAAAmA.QA,[7],"{'data': {'applicableSections': [7], 'cmpDisplayStatus': 'hidden', 'cmpId': 14, 'cmpStatus': 'loaded', 'gppString': 'DBABLA~BVRqAAAAAmA.QA', 'gppVersion': '1.1', 'parsedSections': {'usnat': {'Gpc': False, 'GpcSegmentType': 1, 'KnownChildSensitiveDataConsents': [0, 0], 'MspaCoveredTransaction': 1, 'MspaOptOutOptionMode': 0, 'MspaServiceProviderMode': 0, 'PersonalDataConsents': 0, 'SaleOptOut': 0, 'SaleOptOutNotice': 0, 'SensitiveDataLimitUseNotice': 0, 'SensitiveDataProcessing': [0, 0, 0, 0, 0, 0, 0, 0, 0, 0, 0, 0], 'SensitiveDataProcessingOptOutNotice': 0, 'SharingNotice': 0, 'SharingOptOut': 0, 'SharingOptOutNotice': 0, 'TargetedAdvertisingOptOut': 0, 'TargetedAdvertisingOptOutNotice': 0, 'Version': 1}}, 'sectionList': [7], 'signalStatus': 'ready', 'supportedAPIs': ['5:tcfcav1', '7:usnatv1', '8:uscav1', '9:usvav1', '10:uscov1', '11:usutv1', '12:usctv1']}, 'success': True}"
170,https://cnn.com/,173.18.56.125,Iowa,DBABLA~BVQqAAAAAWA.QA,[7],"{'data': {'applicableSections': [7], 'cmpDisplayStatus': 'disabled', 'cmpId': 28, 'cmpStatus': 'loaded', 'gppString': 'DBABLA~BVQqAAAAAWA.QA', 'gppVersion': '1.1', 'parsedSections': {'usnat': {'Gpc': False, 'GpcSegmentType': 1, 'KnownChildSensitiveDataConsents': [0, 0], 'MspaCoveredTransaction': 1, 'MspaOptOutOptionMode': 1, 'MspaServiceProviderMode': 2, 'PersonalDataConsents': 0, 'SaleOptOut': 2, 'SaleOptOutNotice': 1, 'SensitiveDataLimitUseNotice': 0, 'SensitiveDataProcessing': [0, 0, 0, 0, 0, 0, 0, 0, 0, 0, 0, 0], 'SensitiveDataProcessingOptOutNotice': 0, 'SharingNotice': 1, 'SharingOptOut': 2, 'SharingOptOutNotice': 1, 'TargetedAdvertisingOptOut': 2, 'TargetedAdvertisingOptOutNotice': 1, 'Version': 1}}, 'sectionList': [7], 'signalStatus': 'ready', 'supportedAPIs': ['8:usca', '9:usva', '15:usor', '7:usnat', '10:usco', '13:usfl', '12:usct', '14:usmt', '16:ustx', '17:usde', '18:usia', '19:usne', '22:ustn', '21:usnj', '20:usnh', '11:usut', '2:tcfeuv2']}, 'success': True}"
183,https://theguardian.com/,173.18.56.125,Iowa,DBABLA~BVQqAAAAAgA.QA,[7],"{'data': {'applicableSections': [7], 'cmpDisplayStatus': 'visible', 'cmpId': 6, 'cmpStatus': 'loaded', 'gppString': 'DBABLA~BVQqAAAAAgA.QA', 'gppVersion': '1.1', 'parsedSections': {'usnat': {'Gpc': False, 'GpcSegmentType': 1, 'KnownChildSensitiveDataConsents': [0, 0], 'MspaCoveredTransaction': 2, 'MspaOptOutOptionMode': 0, 'MspaServiceProviderMode': 0, 'PersonalDataConsents': 0, 'SaleOptOut': 2, 'SaleOptOutNotice': 1, 'SensitiveDataLimitUseNotice': 0, 'SensitiveDataProcessing': [0, 0, 0, 0, 0, 0, 0, 0, 0, 0, 0, 0], 'SensitiveDataProcessingOptOutNotice': 0, 'SharingNotice': 1, 'SharingOptOut': 2, 'SharingOptOutNotice': 1, 'TargetedAdvertisingOptOut': 2, 'TargetedAdvertisingOptOutNotice': 1, 'Version': 1}}, 'sectionList': [7], 'signalStatus': 'ready', 'supportedAPIs': ['7:usnat']}, 'success': True}"
206,https://bbc.com/,173.18.56.125,Iowa,DBABLA~BVQqAAAAAgA.QA,[7],"{'data': {'applicableSections': [7], 'cmpDisplayStatus': 'hidden', 'cmpId': 6, 'cmpStatus': 'loaded', 'gppString': 'DBABLA~BVQqAAAAAgA.QA', 'gppVersion': '1.1', 'parsedSections': {'usnat': {'Gpc': False, 'GpcSegmentType': 1, 'KnownChildSensitiveDataConsents': [0, 0], 'MspaCoveredTransaction': 2, 'MspaOptOutOptionMode': 0, 'MspaServiceProviderMode': 0, 'PersonalDataConsents': 0, 'SaleOptOut': 2, 'SaleOptOutNotice': 1, 'SensitiveDataLimitUseNotice': 0, 'SensitiveDataProcessing': [0, 0, 0, 0, 0, 0, 0, 0, 0, 0, 0, 0], 'SensitiveDataProcessingOptOutNotice': 0, 'SharingNotice': 1, 'SharingOptOut': 2, 'SharingOptOutNotice': 1, 'TargetedAdvertisingOptOut': 2, 'TargetedAdvertisingOptOutNotice': 1, 'Version': 1}}, 'sectionList': [7], 'signalStatus': 'ready', 'supportedAPIs': ['7:usnat']}, 'success': True}"
208,https://bbc.co.uk/,173.18.56.125,Iowa,DBABLA~BVQqAAAAAgA.QA,[7],"{'data': {'applicableSections': [7], 'cmpDisplayStatus': 'hidden', 'cmpId': 6, 'cmpStatus': 'loaded', 'gppString': 'DBABLA~BVQqAAAAAgA.QA', 'gppVersion': '1.1', 'parsedSections': {'usnat': {'Gpc': False, 'GpcSegmentType': 1, 'KnownChildSensitiveDataConsents': [0, 0], 'MspaCoveredTransaction': 2, 'MspaOptOutOptionMode': 0, 'MspaServiceProviderMode': 0, 'PersonalDataConsents': 0, 'SaleOptOut': 2, 'SaleOptOutNotice': 1, 'SensitiveDataLimitUseNotice': 0, 'SensitiveDataProcessing': [0, 0, 0, 0, 0, 0, 0, 0, 0, 0, 0, 0], 'SensitiveDataProcessingOptOutNotice': 0, 'SharingNotice': 1, 'SharingOptOut': 2, 'SharingOptOutNotice': 1, 'TargetedAdvertisingOptOut': 2, 'TargetedAdvertisingOptOutNotice': 1, 'Version': 1}}, 'sectionList': [7], 'signalStatus': 'ready', 'supportedAPIs': ['7:usnat']}, 'success': True}"
312,https://slideshare.net/,173.18.56.125,Iowa,DBACOe~CQPcagAQPcagAEXgpAENAkEwAP_gAEPgACiQGpQCgAGgAcABoAEUAJgAUABHALhAXmA1IC84A4AHAAaABFACYAFAARwC8wAA~BQPcagAQPcagAEXgpAENAkCgAf_AAIfAAAalAKAAaABwAGgARQAmABQAEcAuEBeYDUgLzgDgAcABoAEUAJgAUABHALzA~1-N-,"[2, 5, 6]","{'data': {'applicableSections': [6], 'cmpDisplayStatus': 'hidden', 'cmpId': 279, 'cmpStatus': 'loaded', 'gppString': 'DBACOe~CQPcagAQPcagAEXgpAENAkEwAP_gAEPgACiQGpQCgAGgAcABoAEUAJgAUABHALhAXmA1IC84A4AHAAaABFACYAFAARwC8wAA~BQPcagAQPcagAEXgpAENAkCgAf_AAIfAAAalAKAAaABwAGgARQAmABQAEcAuEBeYDUgLzgDgAcABoAEUAJgAUABHALzA~1-N-', 'gppVersion': '1.1', 'parsedSections': {'tcfcav1': [{'CmpId': 279, 'CmpVersion': 2089, 'ConsentLanguage': 'EN', 'ConsentScreen': 0, 'Created': {}, 'LastUpdated': {}, 'PurposesExpressConsent': [True, True, True, True, True, True, True, True, True, True, True, False, False, False, False, False, False, False, False, False, False, False, False, False], 'PurposesImpliedConsent': [False, True, False, False, False, False, True, True, True, True, True, False, False, False, False, False, False, False, False, False, False, False, False, False], 'SpecialFeatureExpressConsent': [False, False, False, False, False, False, False, False, False, False, False, False], 'TcfPolicyVersion': 2, 'UseNonStandardTexts': True, 'VendorExpressConsent': [13, 28, 52, 69, 76, 80, 142, 737, 755, 850], 'VendorImpliedConsent': [28, 52, 69, 76, 80, 142, 755], 'VendorListVersion': 36, 'Version': 1}], 'uspv1': [{'uspString': '1-N-', 'version': 1}]}, 'sectionList': [2, 5, 6], 'signalStatus': 'ready', 'supportedAPIs': ['2:tcfeuv2', '5:tcfcav1', '6:uspv1']}, 'success': True}"
375,https://businessinsider.com/,173.18.56.125,Iowa,DBABLA~BVQqAAAAAWA.QA,[7],"{'data': {'applicableSections': [7], 'cmpDisplayStatus': 'hidden', 'cmpId': 6, 'cmpStatus': 'loaded', 'gppString': 'DBABLA~BVQqAAAAAWA.QA', 'gppVersion': '1.1', 'parsedSections': {'usnat': {'Gpc': False, 'GpcSegmentType': 1, 'KnownChildSensitiveDataConsents': [0, 0], 'MspaCoveredTransaction': 1, 'MspaOptOutOptionMode': 1, 'MspaServiceProviderMode': 2, 'PersonalDataConsents': 0, 'SaleOptOut': 2, 'SaleOptOutNotice': 1, 'SensitiveDataLimitUseNotice': 0, 'SensitiveDataProcessing': [0, 0, 0, 0, 0, 0, 0, 0, 0, 0, 0, 0], 'SensitiveDataProcessingOptOutNotice': 0, 'SharingNotice': 1, 'SharingOptOut': 2, 'SharingOptOutNotice': 1, 'TargetedAdvertisingOptOut': 2, 'TargetedAdvertisingOptOutNotice': 1, 'Version': 1}}, 'sectionList': [7], 'signalStatus': 'ready', 'supportedAPIs': ['7:usnat']}, 'success': True}"
378,https://independent.co.uk/,173.18.56.125,Iowa,DBAA,[],"{'data': {'applicableSections': [-1], 'cmpDisplayStatus': 'disabled', 'cmpId': 6, 'cmpStatus': 'loaded', 'gppString': 'DBAA', 'gppVersion': '1.1', 'parsedSections': {}, 'sectionList': [], 'signalStatus': 'ready', 'supportedAPIs': []}, 'success': True}"
391,https://cnbc.com/,173.18.56.125,Iowa,DBABLA~BVQqAAAAAgA.QA,[7],"{'data': {'applicableSections': [7], 'cmpDisplayStatus': 'disabled', 'cmpId': 28, 'cmpStatus': 'loaded', 'gppString': 'DBABLA~BVQqAAAAAgA.QA', 'gppVersion': '1.1', 'parsedSections': {'usnatv1': {'Gpc': False, 'GpcSegmentType': 1, 'KnownChildSensitiveDataConsents': [0, 0], 'MspaCoveredTransaction': 2, 'MspaOptOutOptionMode': 0, 'MspaServiceProviderMode': 0, 'PersonalDataConsents': 0, 'SaleOptOut': 2, 'SaleOptOutNotice': 1, 'SensitiveDataLimitUseNotice': 0, 'SensitiveDataProcessing': [0, 0, 0, 0, 0, 0, 0, 0, 0, 0, 0, 0], 'SensitiveDataProcessingOptOutNotice': 0, 'SharingNotice': 1, 'SharingOptOut': 2, 'SharingOptOutNotice': 1, 'TargetedAdvertisingOptOut': 2, 'TargetedAdvertisingOptOutNotice': 1, 'Version': 1}}, 'sectionList': [7], 'signalStatus': 'ready', 'supportedAPIs': ['8:uscav1', '9:usvav1', '7:usnatv1', '10:uscov1', '12:usctv1', '11:usutv1', '2:tcfeuv2']}, 'success': True}"
430,https://aol.com/,173.18.56.125,Iowa,DBABLA~BVRqAAAAAmA.QA,[7],"{'data': {'applicableSections': [7], 'cmpDisplayStatus': 'hidden', 'cmpId': 14, 'cmpStatus': 'loaded', 'gppString': 'DBABLA~BVRqAAAAAmA.QA', 'gppVersion': '1.1', 'parsedSections': {'usnat': {'Gpc': False, 'GpcSegmentType': 1, 'KnownChildSensitiveDataConsents': [0, 0], 'MspaCoveredTransaction': 1, 'MspaOptOutOptionMode': 0, 'MspaServiceProviderMode': 0, 'PersonalDataConsents': 0, 'SaleOptOut': 0, 'SaleOptOutNotice': 0, 'SensitiveDataLimitUseNotice': 0, 'SensitiveDataProcessing': [0, 0, 0, 0, 0, 0, 0, 0, 0, 0, 0, 0], 'SensitiveDataProcessingOptOutNotice': 0, 'SharingNotice': 0, 'SharingOptOut': 0, 'SharingOptOutNotice': 0, 'TargetedAdvertisingOptOut': 0, 'TargetedAdvertisingOptOutNotice': 0, 'Version': 1}}, 'sectionList': [7], 'signalStatus': 'ready', 'supportedAPIs': ['5:tcfcav1', '7:usnatv1', '8:uscav1', '9:usvav1', '10:uscov1', '11:usutv1', '12:usctv1']}, 'success': True}"
443,https://imgsmail.ru/,173.18.56.125,Iowa,DBABM~CAAAeNAAAACNAAAAAAENAsFgAAAAAAAAAAigAAAAAAAA,[2],"{'data': {'applicableSections': [0], 'cmpDisplayStatus': 'visible', 'cmpId': 31, 'cmpStatus': 'loaded', 'gppString': 'DBABM~CAAAeNAAAACNAAAAAAENAsFgAAAAAAAAAAigAAAAAAAA', 'gppVersion': '1.1', 'parsedSections': {'tcfeuv2': [{'CmpId': 0, 'CmpVersion': 0, 'ConsentLanguage': '', 'ConsentScreen': 0, 'Created': {}, 'IsServiceSpecific': False, 'LastUpdated': {}, 'PublisherCC': '', 'PurposeConsent': [], 'PurposeOneTreatment': False, 'PurposesLITransparency': [], 'SpecialFeatureOptIns': [], 'TcfPolicyVersion': 0, 'UseNonStandardStacks': False, 'VendorConsent': [], 'VendorLegitimateInterest': [], 'VendorListVersion': 0, 'Version': 3}]}, 'sectionList': [2], 'signalStatus': 'not ready', 'supportedAPIs': ['2:tcfeuv2', '5:tcfcav1', '7:usnat', '8:usca', '9:usva', '10:usco', '11:usut', '12:usct', '13:usfl', '14:usmt', '15:usor', '16:ustx', '17:usde', '18:usia', '19:usne', '20:usnh', '21:usnj', '22:ustn']}, 'success': True}"
445,https://wired.com/,173.18.56.125,Iowa,DBABLA~BVQqAAAACgA.QA,[7],"{'data': {'applicableSections': [7], 'cmpDisplayStatus': 'disabled', 'cmpId': 28, 'cmpStatus': 'loaded', 'gppString': 'DBABLA~BVQqAAAACgA.QA', 'gppVersion': '1.1', 'parsedSections': {'usnat': {'Gpc': False, 'GpcSegmentType': 1, 'KnownChildSensitiveDataConsents': [0, 0], 'MspaCoveredTransaction': 2, 'MspaOptOutOptionMode': 0, 'MspaServiceProviderMode': 0, 'PersonalDataConsents': 2, 'SaleOptOut': 2, 'SaleOptOutNotice': 1, 'SensitiveDataLimitUseNotice': 0, 'SensitiveDataProcessing': [0, 0, 0, 0, 0, 0, 0, 0, 0, 0, 0, 0], 'SensitiveDataProcessingOptOutNotice': 0, 'SharingNotice': 1, 'SharingOptOut': 2, 'SharingOptOutNotice': 1, 'TargetedAdvertisingOptOut': 2, 'TargetedAdvertisingOptOutNotice': 1, 'Version': 1}}, 'sectionList': [7], 'signalStatus': 'ready', 'supportedAPIs': ['8:usca', '9:usva', '7:usnat', '10:usco', '12:usct', '11:usut', '2:tcfeuv2']}, 'success': True}"
477,https://scribd.com/,173.18.56.125,Iowa,DBACOe~CQPcagAQPcagAEXphAENBgEgAAAAAEPgACiQAAALzgDgAcABoAEUAJgAUABHALzAAAAA~BQPcagAQPcagAEXphAENBgCAAAAAAIfAAAAAAvOAOABwAGgARQAmABQAEcAvMA~1-N-,"[2, 5, 6]","{'data': {'applicableSections': [6], 'cmpDisplayStatus': 'hidden', 'cmpId': 279, 'cmpStatus': 'loaded', 'gppString': 'DBACOe~CQPcagAQPcagAEXphAENBgEgAAAAAEPgACiQAAALzgDgAcABoAEUAJgAUABHALzAAAAA~BQPcagAQPcagAEXphAENBgCAAAAAAIfAAAAAAvOAOABwAGgARQAmABQAEcAvMA~1-N-', 'gppVersion': '1.1', 'parsedSections': {'tcfcav1': [{'CmpId': 279, 'CmpVersion': 2657, 'ConsentLanguage': 'EN', 'ConsentScreen': 0, 'Created': {}, 'LastUpdated': {}, 'PurposesExpressConsent': [False, False, False, False, False, False, False, False, False, False, False, False, False, False, False, False, False, False, False, False, False, False, False, False], 'PurposesImpliedConsent': [False, True, False, False, False, False, True, True, True, True, True, False, False, False, False, False, False, False, False, False, False, False, False, False], 'SpecialFeatureExpressConsent': [False, False, False, False, False, False, False, False, False, False, False, False], 'TcfPolicyVersion': 2, 'UseNonStandardTexts': False, 'VendorExpressConsent': [], 'VendorImpliedConsent': [28, 52, 69, 76, 80, 142, 755], 'VendorListVersion': 96, 'Version': 1}], 'uspv1': [{'uspString': '1-N-', 'version': 1}]}, 'sectionList': [2, 5, 6], 'signalStatus': 'ready', 'supportedAPIs': ['2:tcfeuv2', '5:tcfcav1', '6:uspv1']}, 'success': True}"
482,https://ft.com/,173.18.56.125,Iowa,DBAA,[],"{'data': {'applicableSections': [-1], 'cmpDisplayStatus': 'disabled', 'cmpId': 6, 'cmpStatus': 'loaded', 'gppString': 'DBAA', 'gppVersion': '1.1', 'parsedSections': {}, 'sectionList': [], 'signalStatus': 'ready', 'supportedAPIs': []}, 'success': True}"
510,https://nypost.com/,173.18.56.125,Iowa,DBABLA~BVQqAAAACgA.QA,[7],"{'data': {'applicableSections': [7], 'cmpDisplayStatus': 'disabled', 'cmpId': 28, 'cmpStatus': 'loaded', 'gppString': 'DBABLA~BVQqAAAACgA.QA', 'gppVersion': '1.1', 'parsedSections': {'usnat': {'Gpc': False, 'GpcSegmentType': 1, 'KnownChildSensitiveDataConsents': [0, 0], 'MspaCoveredTransaction': 2, 'MspaOptOutOptionMode': 0, 'MspaServiceProviderMode': 0, 'PersonalDataConsents': 2, 'SaleOptOut': 2, 'SaleOptOutNotice': 1, 'SensitiveDataLimitUseNotice': 0, 'SensitiveDataProcessing': [0, 0, 0, 0, 0, 0, 0, 0, 0, 0, 0, 0], 'SensitiveDataProcessingOptOutNotice': 0, 'SharingNotice': 1, 'SharingOptOut': 2, 'SharingOptOutNotice': 1, 'TargetedAdvertisingOptOut': 2, 'TargetedAdvertisingOptOutNotice': 1, 'Version': 1}}, 'sectionList': [7], 'signalStatus': 'ready', 'supportedAPIs': ['8:usca', '9:usva', '7:usnat', '10:usco', '12:usct', '11:usut', '2:tcfeuv2']}, 'success': True}"
517,https://media.net/,173.18.56.125,Iowa,DBAA,[],"{'data': {'applicableSections': [-1], 'cmpDisplayStatus': None, 'cmpId': 31, 'cmpStatus': 'loaded', 'gppString': 'DBAA', 'gppVersion': '1.1', 'parsedSections': {}, 'sectionList': [], 'signalStatus': 'ready', 'supportedAPIs': ['2:tcfeuv2', '5:tcfcav1', '7:usnat', '8:usca', '9:usva', '10:usco', '11:usut', '12:usct', '13:usfl', '14:usmt', '15:usor', '16:ustx', '17:usde', '18:usia', '19:usne', '20:usnh', '21:usnj', '22:ustn']}, 'success': True}"
544,https://buzzfeed.com/,173.18.56.125,Iowa,DBABLA~BVQqAAAACgA.QA,[7],"{'data': {'applicableSections': [7], 'cmpDisplayStatus': 'disabled', 'cmpId': 28, 'cmpStatus': 'loaded', 'gppString': 'DBABLA~BVQqAAAACgA.QA', 'gppVersion': '1.1', 'parsedSections': {'usnat': {'Gpc': False, 'GpcSegmentType': 1, 'KnownChildSensitiveDataConsents': [0, 0], 'MspaCoveredTransaction': 2, 'MspaOptOutOptionMode': 0, 'MspaServiceProviderMode': 0, 'PersonalDataConsents': 2, 'SaleOptOut': 2, 'SaleOptOutNotice': 1, 'SensitiveDataLimitUseNotice': 0, 'SensitiveDataProcessing': [0, 0, 0, 0, 0, 0, 0, 0, 0, 0, 0, 0], 'SensitiveDataProcessingOptOutNotice': 0, 'SharingNotice': 1, 'SharingOptOut': 2, 'SharingOptOutNotice': 1, 'TargetedAdvertisingOptOut': 2, 'TargetedAdvertisingOptOutNotice': 1, 'Version': 1}}, 'sectionList': [7], 'signalStatus': 'ready', 'supportedAPIs': ['8:usca', '9:usva', '7:usnat', '10:usco', '12:usct', '11:usut', '2:tcfeuv2']}, 'success': True}"
557,https://britannica.com/,173.18.56.125,Iowa,not found,N/A,{'error': 'GPP API not found'}
581,https://merriam-webster.com/,173.18.56.125,Iowa,not found,N/A,{'error': 'GPP API not found'}
590,https://cbsnews.com/,173.18.56.125,Iowa,DBABLA~BVQqAAAAAgA.QA,[7],"{'data': {'applicableSections': [7], 'cmpDisplayStatus': 'disabled', 'cmpId': 28, 'cmpStatus': 'loaded', 'gppString': 'DBABLA~BVQqAAAAAgA.QA', 'gppVersion': '1.1', 'parsedSections': {'usnat': {'Gpc': False, 'GpcSegmentType': 1, 'KnownChildSensitiveDataConsents': [0, 0], 'MspaCoveredTransaction': 2, 'MspaOptOutOptionMode': 0, 'MspaServiceProviderMode': 0, 'PersonalDataConsents': 0, 'SaleOptOut': 2, 'SaleOptOutNotice': 1, 'SensitiveDataLimitUseNotice': 0, 'SensitiveDataProcessing': [0, 0, 0, 0, 0, 0, 0, 0, 0, 0, 0, 0], 'SensitiveDataProcessingOptOutNotice': 0, 'SharingNotice': 1, 'SharingOptOut': 2, 'SharingOptOutNotice': 1, 'TargetedAdvertisingOptOut': 2, 'TargetedAdvertisingOptOutNotice': 1, 'Version': 1}}, 'sectionList': [7], 'signalStatus': 'ready', 'supportedAPIs': ['8:usca', '9:usva', '7:usnat', '10:usco', '12:usct', '11:usut', '2:tcfeuv2']}, 'success': True}"
606,https://techcrunch.com/,173.18.56.125,Iowa,DBABLA~BVRqAAAAAmA.QA,[7],"{'data': {'applicableSections': [7], 'cmpDisplayStatus': 'hidden', 'cmpId': 14, 'cmpStatus': 'loaded', 'gppString': 'DBABLA~BVRqAAAAAmA.QA', 'gppVersion': '1.1', 'parsedSections': {'usnat': {'Gpc': False, 'GpcSegmentType': 1, 'KnownChildSensitiveDataConsents': [0, 0], 'MspaCoveredTransaction': 1, 'MspaOptOutOptionMode': 0, 'MspaServiceProviderMode': 0, 'PersonalDataConsents': 0, 'SaleOptOut': 0, 'SaleOptOutNotice': 0, 'SensitiveDataLimitUseNotice': 0, 'SensitiveDataProcessing': [0, 0, 0, 0, 0, 0, 0, 0, 0, 0, 0, 0], 'SensitiveDataProcessingOptOutNotice': 0, 'SharingNotice': 0, 'SharingOptOut': 0, 'SharingOptOutNotice': 0, 'TargetedAdvertisingOptOut': 0, 'TargetedAdvertisingOptOutNotice': 0, 'Version': 1}}, 'sectionList': [7], 'signalStatus': 'ready', 'supportedAPIs': ['5:tcfcav1', '7:usnatv1', '8:uscav1', '9:usvav1', '10:uscov1', '11:usutv1', '12:usctv1']}, 'success': True}"
610,https://sapo.pt/,173.18.56.125,Iowa,DBABLA~BAAAAAAAAgA.QA,[7],"{'data': {'applicableSections': [7], 'cmpDisplayStatus': 'hidden', 'cmpId': 10, 'cmpStatus': 'loaded', 'gppString': 'DBABLA~BAAAAAAAAgA.QA', 'gppVersion': '1.1', 'parsedSections': {'usnatv1': {'Gpc': False, 'GpcSegmentType': 1, 'KnownChildSensitiveDataConsents': [0, 0], 'MspaCoveredTransaction': 2, 'MspaOptOutOptionMode': 0, 'MspaServiceProviderMode': 0, 'PersonalDataConsents': 0, 'SaleOptOut': 0, 'SaleOptOutNotice': 0, 'SensitiveDataLimitUseNotice': 0, 'SensitiveDataProcessing': [0, 0, 0, 0, 0, 0, 0, 0, 0, 0, 0, 0], 'SensitiveDataProcessingOptOutNotice': 0, 'SharingNotice': 0, 'SharingOptOut': 0, 'SharingOptOutNotice': 0, 'TargetedAdvertisingOptOut': 0, 'TargetedAdvertisingOptOutNotice': 0, 'Version': 1}}, 'sectionList': [7], 'signalStatus': 'ready', 'supportedAPIs': ['2:tcfeuv2', '6:uspv1', '7:usnatv1', '8:usca', '9:usvav1', '10:uscov1', '11:usutv1', '12:usctv1']}, 'success': True}"
635,https://coinmarketcap.com/,173.18.56.125,Iowa,DBABLA~BVQqAAAACgA.QA,[7],"{'data': {'applicableSections': [7], 'cmpDisplayStatus': 'visible', 'cmpId': 28, 'cmpStatus': 'loaded', 'gppString': 'DBABLA~BVQqAAAACgA.QA', 'gppVersion': '1.1', 'parsedSections': {'usnat': {'Gpc': False, 'GpcSegmentType': 1, 'KnownChildSensitiveDataConsents': [0, 0], 'MspaCoveredTransaction': 2, 'MspaOptOutOptionMode': 0, 'MspaServiceProviderMode': 0, 'PersonalDataConsents': 2, 'SaleOptOut': 2, 'SaleOptOutNotice': 1, 'SensitiveDataLimitUseNotice': 0, 'SensitiveDataProcessing': [0, 0, 0, 0, 0, 0, 0, 0, 0, 0, 0, 0], 'SensitiveDataProcessingOptOutNotice': 0, 'SharingNotice': 1, 'SharingOptOut': 2, 'SharingOptOutNotice': 1, 'TargetedAdvertisingOptOut': 2, 'TargetedAdvertisingOptOutNotice': 1, 'Version': 1}}, 'sectionList': [7], 'signalStatus': 'ready', 'supportedAPIs': ['8:usca', '9:usva', '7:usnat', '10:usco', '12:usct', '11:usut', '2:tcfeuv2']}, 'success': True}"
650,https://theverge.com/,173.18.56.125,Iowa,DBABLA~BVQqAAAACZA.QA,[7],"{'data': {'applicableSections': [7], 'cmpDisplayStatus': 'disabled', 'cmpId': 28, 'cmpStatus': 'loaded', 'gppString': 'DBABLA~BVQqAAAACZA.QA', 'gppVersion': '1.1', 'parsedSections': {'usnatv1': {'Gpc': False, 'GpcSegmentType': 1, 'KnownChildSensitiveDataConsents': [0, 0], 'MspaCoveredTransaction': 1, 'MspaOptOutOptionMode': 2, 'MspaServiceProviderMode': 1, 'PersonalDataConsents': 2, 'SaleOptOut': 2, 'SaleOptOutNotice': 1, 'SensitiveDataLimitUseNotice': 0, 'SensitiveDataProcessing': [0, 0, 0, 0, 0, 0, 0, 0, 0, 0, 0, 0], 'SensitiveDataProcessingOptOutNotice': 0, 'SharingNotice': 1, 'SharingOptOut': 2, 'SharingOptOutNotice': 1, 'TargetedAdvertisingOptOut': 2, 'TargetedAdvertisingOptOutNotice': 1, 'Version': 1}}, 'sectionList': [7], 'signalStatus': 'ready', 'supportedAPIs': ['8:uscav1', '9:usvav1', '7:usnatv1', '10:uscov1', '12:usctv1', '11:usutv1', '2:tcfeuv2']}, 'success': True}"
651,https://att.net/,173.18.56.125,Iowa,DBABLA~BVRqAAAAAmA.QA,[7],"{'data': {'applicableSections': [7], 'cmpDisplayStatus': 'hidden', 'cmpId': 14, 'cmpStatus': 'loaded', 'gppString': 'DBABLA~BVRqAAAAAmA.QA', 'gppVersion': '1.1', 'parsedSections': {'usnat': {'Gpc': False, 'GpcSegmentType': 1, 'KnownChildSensitiveDataConsents': [0, 0], 'MspaCoveredTransaction': 1, 'MspaOptOutOptionMode': 0, 'MspaServiceProviderMode': 0, 'PersonalDataConsents': 0, 'SaleOptOut': 0, 'SaleOptOutNotice': 0, 'SensitiveDataLimitUseNotice': 0, 'SensitiveDataProcessing': [0, 0, 0, 0, 0, 0, 0, 0, 0, 0, 0, 0], 'SensitiveDataProcessingOptOutNotice': 0, 'SharingNotice': 0, 'SharingOptOut': 0, 'SharingOptOutNotice': 0, 'TargetedAdvertisingOptOut': 0, 'TargetedAdvertisingOptOutNotice': 0, 'Version': 1}}, 'sectionList': [7], 'signalStatus': 'ready', 'supportedAPIs': ['5:tcfcav1', '7:usnatv1', '8:uscav1', '9:usvav1', '10:uscov1', '11:usutv1', '12:usctv1']}, 'success': True}"
654,https://apnews.com/,173.18.56.125,Iowa,DBABBg~BUoAAAKA.QA,[8],"{'data': {'applicableSections': [8], 'cmpDisplayStatus': 'disabled', 'cmpId': 28, 'cmpStatus': 'loaded', 'gppString': 'DBABBg~BUoAAAKA.QA', 'gppVersion': '1.1', 'parsedSections': {'usca': {'Gpc': False, 'GpcSegmentType': 1, 'KnownChildSensitiveDataConsents': [0, 0], 'MspaCoveredTransaction': 2, 'MspaOptOutOptionMode': 0, 'MspaServiceProviderMode': 0, 'PersonalDataConsents': 2, 'SaleOptOut': 2, 'SaleOptOutNotice': 1, 'SensitiveDataLimitUseNotice': 0, 'SensitiveDataProcessing': [0, 0, 0, 0, 0, 0, 0, 0, 0], 'SharingOptOut': 2, 'SharingOptOutNotice': 1, 'Version': 1}}, 'sectionList': [8], 'signalStatus': 'ready', 'supportedAPIs': ['8:usca', '9:usva', '15:usor', '7:usnat', '10:usco', '13:usfl', '12:usct', '14:usmt', '16:ustx', '17:usde', '18:usia', '19:usne', '22:ustn', '21:usnj', '20:usnh', '11:usut', '2:tcfeuv2']}, 'success': True}"
683,https://nbcnews.com/,173.18.56.125,Iowa,DBABLA~BVQqAAAAAgA.QA,[7],"{'data': {'applicableSections': [7], 'cmpDisplayStatus': 'disabled', 'cmpId': 28, 'cmpStatus': 'loaded', 'gppString': 'DBABLA~BVQqAAAAAgA.QA', 'gppVersion': '1.1', 'parsedSections': {'usnatv1': {'Gpc': False, 'GpcSegmentType': 1, 'KnownChildSensitiveDataConsents': [0, 0], 'MspaCoveredTransaction': 2, 'MspaOptOutOptionMode': 0, 'MspaServiceProviderMode': 0, 'PersonalDataConsents': 0, 'SaleOptOut': 2, 'SaleOptOutNotice': 1, 'SensitiveDataLimitUseNotice': 0, 'SensitiveDataProcessing': [0, 0, 0, 0, 0, 0, 0, 0, 0, 0, 0, 0], 'SensitiveDataProcessingOptOutNotice': 0, 'SharingNotice': 1, 'SharingOptOut': 2, 'SharingOptOutNotice': 1, 'TargetedAdvertisingOptOut': 2, 'TargetedAdvertisingOptOutNotice': 1, 'Version': 1}}, 'sectionList': [7], 'signalStatus': 'ready', 'supportedAPIs': ['8:uscav1', '9:usvav1', '7:usnatv1', '10:uscov1', '12:usctv1', '11:usutv1', '2:tcfeuv2']}, 'success': True}"
718,https://healthline.com/,173.18.56.125,Iowa,DBABLA~BVVqqqqgCgA.QA,[7],"{'data': {'applicableSections': [7], 'cmpDisplayStatus': 'disabled', 'cmpId': 28, 'cmpStatus': 'loaded', 'gppString': 'DBABLA~BVVqqqqgCgA.QA', 'gppVersion': '1.1', 'parsedSections': {'usnat': {'Gpc': False, 'GpcSegmentType': 1, 'KnownChildSensitiveDataConsents': [0, 0], 'MspaCoveredTransaction': 2, 'MspaOptOutOptionMode': 0, 'MspaServiceProviderMode': 0, 'PersonalDataConsents': 2, 'SaleOptOut': 2, 'SaleOptOutNotice': 1, 'SensitiveDataLimitUseNotice': 1, 'SensitiveDataProcessing': [2, 2, 2, 2, 2, 2, 2, 2, 2, 2, 0, 0], 'SensitiveDataProcessingOptOutNotice': 1, 'SharingNotice': 1, 'SharingOptOut': 2, 'SharingOptOutNotice': 1, 'TargetedAdvertisingOptOut': 2, 'TargetedAdvertisingOptOutNotice': 1, 'Version': 1}}, 'sectionList': [7], 'signalStatus': 'ready', 'supportedAPIs': ['8:usca', '9:usva', '7:usnat', '10:usco', '12:usct', '11:usut', '2:tcfeuv2']}, 'success': True}"
731,https://bugsnag.com/,173.18.56.125,Iowa,DBABLA~BVAoAAAAAAA.QA,[7],"{'data': {'applicableSections': [7], 'cmpDisplayStatus': 'hidden', 'cmpId': 354, 'cmpStatus': 'loaded', 'gppString': 'DBABLA~BVAoAAAAAAA.QA', 'gppVersion': '1.1', 'parsedSections': {'usnat': {'Gpc': False, 'GpcSegmentType': 1, 'KnownChildSensitiveDataConsents': [0, 0], 'MspaCoveredTransaction': 0, 'MspaOptOutOptionMode': 0, 'MspaServiceProviderMode': 0, 'PersonalDataConsents': 0, 'SaleOptOut': 2, 'SaleOptOutNotice': 1, 'SensitiveDataLimitUseNotice': 0, 'SensitiveDataProcessing': [0, 0, 0, 0, 0, 0, 0, 0, 0, 0, 0, 0], 'SensitiveDataProcessingOptOutNotice': 0, 'SharingNotice': 1, 'SharingOptOut': 2, 'SharingOptOutNotice': 1, 'TargetedAdvertisingOptOut': 0, 'TargetedAdvertisingOptOutNotice': 0, 'Version': 1}}, 'sectionList': [7], 'signalStatus': 'not ready', 'supportedAPIs': '7:usnat'}, 'success': True}"
753,https://express.co.uk/,173.18.56.125,Iowa,DBABLA~BqgAAAAAAkA.QA,[7],"{'data': {'applicableSections': [7], 'cmpDisplayStatus': 'hidden', 'cmpId': 10, 'cmpStatus': 'loaded', 'gppString': 'DBABLA~BqgAAAAAAkA.QA', 'gppVersion': '1.1', 'parsedSections': {'usnatv1': {'Gpc': False, 'GpcSegmentType': 1, 'KnownChildSensitiveDataConsents': [0, 0], 'MspaCoveredTransaction': 2, 'MspaOptOutOptionMode': 1, 'MspaServiceProviderMode': 0, 'PersonalDataConsents': 0, 'SaleOptOut': 0, 'SaleOptOutNotice': 2, 'SensitiveDataLimitUseNotice': 0, 'SensitiveDataProcessing': [0, 0, 0, 0, 0, 0, 0, 0, 0, 0, 0, 0], 'SensitiveDataProcessingOptOutNotice': 0, 'SharingNotice': 2, 'SharingOptOut': 0, 'SharingOptOutNotice': 2, 'TargetedAdvertisingOptOut': 0, 'TargetedAdvertisingOptOutNotice': 2, 'Version': 1}}, 'sectionList': [7], 'signalStatus': 'ready', 'supportedAPIs': ['2:tcfeuv2', '6:uspv1', '7:usnatv1', '8:usca', '9:usvav1', '10:uscov1', '11:usutv1', '12:usctv1', '8:uscav1']}, 'success': True}"
802,https://huffingtonpost.com/,173.18.56.125,Iowa,DBABLA~BVQqAAAACgA.QA,[7],"{'data': {'applicableSections': [7], 'cmpDisplayStatus': 'disabled', 'cmpId': 28, 'cmpStatus': 'loaded', 'gppString': 'DBABLA~BVQqAAAACgA.QA', 'gppVersion': '1.1', 'parsedSections': {'usnat': {'Gpc': False, 'GpcSegmentType': 1, 'KnownChildSensitiveDataConsents': [0, 0], 'MspaCoveredTransaction': 2, 'MspaOptOutOptionMode': 0, 'MspaServiceProviderMode': 0, 'PersonalDataConsents': 2, 'SaleOptOut': 2, 'SaleOptOutNotice': 1, 'SensitiveDataLimitUseNotice': 0, 'SensitiveDataProcessing': [0, 0, 0, 0, 0, 0, 0, 0, 0, 0, 0, 0], 'SensitiveDataProcessingOptOutNotice': 0, 'SharingNotice': 1, 'SharingOptOut': 2, 'SharingOptOutNotice': 1, 'TargetedAdvertisingOptOut': 2, 'TargetedAdvertisingOptOutNotice': 1, 'Version': 1}}, 'sectionList': [7], 'signalStatus': 'ready', 'supportedAPIs': ['8:usca', '9:usva', '7:usnat', '10:usco', '12:usct', '11:usut', '2:tcfeuv2']}, 'success': True}"
866,https://huffpost.com/,173.18.56.125,Iowa,DBABLA~BVQqAAAACgA.QA,[7],"{'data': {'applicableSections': [7], 'cmpDisplayStatus': 'disabled', 'cmpId': 28, 'cmpStatus': 'loaded', 'gppString': 'DBABLA~BVQqAAAACgA.QA', 'gppVersion': '1.1', 'parsedSections': {'usnat': {'Gpc': False, 'GpcSegmentType': 1, 'KnownChildSensitiveDataConsents': [0, 0], 'MspaCoveredTransaction': 2, 'MspaOptOutOptionMode': 0, 'MspaServiceProviderMode': 0, 'PersonalDataConsents': 2, 'SaleOptOut': 2, 'SaleOptOutNotice': 1, 'SensitiveDataLimitUseNotice': 0, 'SensitiveDataProcessing': [0, 0, 0, 0, 0, 0, 0, 0, 0, 0, 0, 0], 'SensitiveDataProcessingOptOutNotice': 0, 'SharingNotice': 1, 'SharingOptOut': 2, 'SharingOptOutNotice': 1, 'TargetedAdvertisingOptOut': 2, 'TargetedAdvertisingOptOutNotice': 1, 'Version': 1}}, 'sectionList': [7], 'signalStatus': 'ready', 'supportedAPIs': ['8:usca', '9:usva', '7:usnat', '10:usco', '12:usct', '11:usut', '2:tcfeuv2']}, 'success': True}"
909,https://sonobi.com/,173.18.56.125,Iowa,DBABLA~BAAAAAAAAACA.QA,[7],"{'data': {'applicableSections': [7], 'cmpDisplayStatus': 'hidden', 'cmpId': 10, 'cmpStatus': 'loaded', 'gppString': 'DBABLA~BAAAAAAAAACA.QA', 'gppVersion': '1.1', 'parsedSections': {'usnat': {'Gpc': False, 'GpcSegmentType': 1, 'KnownChildSensitiveDataConsents': [0, 0, 0], 'MspaCoveredTransaction': 2, 'MspaOptOutOptionMode': 0, 'MspaServiceProviderMode': 0, 'PersonalDataConsents': 0, 'SaleOptOut': 0, 'SaleOptOutNotice': 0, 'SensitiveDataLimitUseNotice': 0, 'SensitiveDataProcessing': [0, 0, 0, 0, 0, 0, 0, 0, 0, 0, 0, 0, 0, 0, 0, 0], 'SensitiveDataProcessingOptOutNotice': 0, 'SharingNotice': 0, 'SharingOptOut': 0, 'SharingOptOutNotice': 0, 'TargetedAdvertisingOptOut': 0, 'TargetedAdvertisingOptOutNotice': 0, 'Version': 1}}, 'sectionList': [7], 'signalStatus': 'ready', 'supportedAPIs': ['2:tcfeuv2', '6:uspv1', '7:usnat', '8:usca', '9:usva', '10:usco', '11:usut', '12:usct']}, 'success': True}"
960,https://nexusmods.com/,173.18.56.125,Iowa,not found,N/A,{'error': 'GPP API not found'}
990,https://economist.com/,173.18.56.125,Iowa,DBABLA~BVQqAAAAAgA.QA,[7],"{'data': {'applicableSections': [7], 'cmpDisplayStatus': 'hidden', 'cmpId': 6, 'cmpStatus': 'loaded', 'gppString': 'DBABLA~BVQqAAAAAgA.QA', 'gppVersion': '1.1', 'parsedSections': {'usnat': {'Gpc': False, 'GpcSegmentType': 1, 'KnownChildSensitiveDataConsents': [0, 0], 'MspaCoveredTransaction': 2, 'MspaOptOutOptionMode': 0, 'MspaServiceProviderMode': 0, 'PersonalDataConsents': 0, 'SaleOptOut': 2, 'SaleOptOutNotice': 1, 'SensitiveDataLimitUseNotice': 0, 'SensitiveDataProcessing': [0, 0, 0, 0, 0, 0, 0, 0, 0, 0, 0, 0], 'SensitiveDataProcessingOptOutNotice': 0, 'SharingNotice': 1, 'SharingOptOut': 2, 'SharingOptOutNotice': 1, 'TargetedAdvertisingOptOut': 2, 'TargetedAdvertisingOptOutNotice': 1, 'Version': 1}}, 'sectionList': [7], 'signalStatus': 'ready', 'supportedAPIs': ['7:usnat']}, 'success': True}"
